Asset ID,Generator Shortname,Operational Date,Retirement Date,Unit Type,FuelType,AreaCode,Zone,State,Latitude,Longitude,Nameplate (MW)
1,1_828_p3460,01/01/1970,01/01/2025,ST,NG,7,Coast,TX,29.7501,-94.9256,746
2,2_828_p3460,01/01/1972,01/01/2025,ST,NG,7,Coast,TX,29.7501,-94.9256,749
3,3_829_p3464,01/01/1976,01/01/2024,GT,NG,7,Coast,TX,29.8222,-95.2194,54
4,4_829_p3464,01/01/1976,01/01/2024,GT,NG,7,Coast,TX,29.8222,-95.2194,54
5,5_829_p3464,01/01/1976,01/01/2024,GT,NG,7,Coast,TX,29.8222,-95.2194,54
6,6_829_p3464,01/01/1976,01/01/2024,GT,NG,7,Coast,TX,29.8222,-95.2194,50
7,7_829_p3464,01/01/1976,01/01/2024,GT,NG,7,Coast,TX,29.8222,-95.2194,64
8,8_829_p3464,01/01/1976,01/01/2024,GT,NG,7,Coast,TX,29.8222,-95.2194,54
9,9_830_p3469,01/01/1974,01/01/2030,CC,NG,7,Coast,TX,29.9418,-95.5306,104
10,10_830_p3469,01/01/1974,01/01/2030,CC,NG,7,Coast,TX,29.9418,-95.5306,104
11,11_830_p3469,01/01/1972,01/01/2030,CC,NG,7,Coast,TX,29.9418,-95.5306,57
12,12_830_p3469,01/01/1972,01/01/2030,CC,NG,7,Coast,TX,29.9418,-95.5306,57
13,13_830_p3469,01/01/1972,01/01/2030,CC,NG,7,Coast,TX,29.9418,-95.5306,57
14,14_830_p3469,01/01/1972,01/01/2030,CC,NG,7,Coast,TX,29.9418,-95.5306,57
15,15_830_p3469,01/01/1974,01/01/2030,CC,NG,7,Coast,TX,29.9418,-95.5306,57
16,16_830_p3469,01/01/1974,01/01/2030,CC,NG,7,Coast,TX,29.9418,-95.5306,57
17,17_830_p3469,01/01/1972,01/01/2030,CC,NG,7,Coast,TX,29.9418,-95.5306,57
18,18_830_p3469,01/01/1972,01/01/2030,CC,NG,7,Coast,TX,29.9418,-95.5306,57
19,19_830_p3469,01/01/1975,01/01/2030,GT,NG,7,Coast,TX,29.9418,-95.5306,58
20,20_830_p3469,01/01/1975,01/01/2030,GT,NG,7,Coast,TX,29.9418,-95.5306,58
21,21_830_p3469,01/01/1975,01/01/2030,GT,NG,7,Coast,TX,29.9418,-95.5306,58
22,22_830_p3469,01/01/1975,01/01/2030,GT,NG,7,Coast,TX,29.9418,-95.5306,58
23,23_830_p3469,01/01/1975,01/01/2030,GT,NG,7,Coast,TX,29.9418,-95.5306,58
24,24_830_p3469,01/01/1975,01/01/2030,GT,NG,7,Coast,TX,29.9418,-95.5306,58
25,25_830_p3469,01/01/1967,01/01/2030,GT,NG,7,Coast,TX,29.9418,-95.5306,13
26,26_831_p3470,01/01/1977,01/01/2045,ST,SUB,7,Coast,TX,29.4829,-95.6311,664
27,27_831_p3470,01/01/1978,01/01/2045,ST,SUB,7,Coast,TX,29.4829,-95.6311,663
28,28_831_p3470,01/01/1982,01/01/2045,ST,SUB,7,Coast,TX,29.4829,-95.6311,610
29,29_831_p3470,01/01/1980,01/01/2045,ST,SUB,7,Coast,TX,29.4829,-95.6311,577
30,30_831_p3470,01/01/1967,01/01/2045,GT,NG,7,Coast,TX,29.4829,-95.6311,13
31,31_831_p3470,01/01/1968,01/01/2025,ST,NG,7,Coast,TX,29.4829,-95.6311,552
32,32_831_p3470,01/01/1961,01/01/2025,ST,NG,7,Coast,TX,29.4829,-95.6311,273
33,33_831_p3470,01/01/1958,01/01/2025,ST,NG,7,Coast,TX,29.4829,-95.6311,169
34,34_831_p3470,01/01/1958,01/01/2025,ST,NG,7,Coast,TX,29.4829,-95.6311,169
35,35_832_p6251,01/01/1988,01/01/2100,NUC,NUC,7,Coast,TX,28.795,-96.0481,1280
36,36_832_p6251,01/01/1989,01/01/2100,NUC,NUC,7,Coast,TX,28.795,-96.0481,1280
37,37_833_p7325,01/01/1995,01/01/2032,GT,NG,7,Coast,TX,29.6949,-95.0406,81
38,38_833_p7325,01/01/1995,01/01/2032,GT,NG,7,Coast,TX,29.6949,-95.0406,81
39,39_834_p10154,01/01/1985,01/01/2025,GT,NG,7,Coast,TX,29.2294,-95.1952,30
40,40_836_p10298,01/01/2014,01/01/2100,GT,NG,7,Coast,TX,29.6226,-95.0458,75
41,41_836_p10298,01/01/2016,01/01/2100,GT,NG,7,Coast,TX,29.6226,-95.0458,75
42,42_836_p10298,01/01/2015,01/01/2100,GT,NG,7,Coast,TX,29.6226,-95.0458,75
43,43_836_p10298,01/01/2015,01/01/2100,GT,NG,7,Coast,TX,29.6226,-95.0458,75
44,44_837_p10418,01/01/2000,01/01/2100,GT,OG,7,Coast,TX,29.2559,-95.2103,42.5
45,45_838_p10436,01/01/1989,01/01/2100,GT,NG,7,Coast,TX,29.7535,-94.9973,28
46,46_838_p10436,01/01/1988,01/01/2100,GT,NG,7,Coast,TX,29.7535,-94.9973,28
47,47_838_p10436,01/01/1977,01/01/2100,GT,NG,7,Coast,TX,29.7535,-94.9973,18
48,48_838_p10436,01/01/1977,01/01/2100,GT,NG,7,Coast,TX,29.7535,-94.9973,18
49,49_838_p10436,01/01/1977,01/01/2100,GT,NG,7,Coast,TX,29.7535,-94.9973,18
50,50_838_p10436,01/01/1977,01/01/2100,GT,NG,7,Coast,TX,29.7535,-94.9973,18
51,51_839_p10692,01/01/2004,01/01/2100,GT,NG,7,Coast,TX,29.7592,-95.0096,140
52,52_839_p10692,01/01/1997,01/01/2100,GT,NG,7,Coast,TX,29.7592,-95.0096,90
53,53_839_p10692,01/01/1989,01/01/2100,GT,NG,7,Coast,TX,29.7592,-95.0096,32
54,54_839_p10692,01/01/1989,01/01/2100,GT,NG,7,Coast,TX,29.7592,-95.0096,32
55,55_839_p10692,01/01/1989,01/01/2100,GT,NG,7,Coast,TX,29.7592,-95.0096,32
56,56_840_p50043,01/01/1982,01/01/2100,CC,NG,7,Coast,TX,29.7314,-95.0839,66
57,57_840_p50043,01/01/1982,01/01/2100,CC,NG,7,Coast,TX,29.7314,-95.0839,66
58,58_840_p50043,01/01/1982,01/01/2100,CC,NG,7,Coast,TX,29.7314,-95.0839,62
59,59_840_p50043,01/01/2005,01/01/2100,CC,NG,7,Coast,TX,29.7314,-95.0839,69
60,60_842_p50137,01/01/1984,01/01/2025,GT,NG,7,Coast,TX,29.2639,-95.8997,69
61,61_843_p50153,01/01/1996,01/01/2100,DEFAULT,PUR,7,Coast,TX,29.3762,-94.9465,38
62,62_844_p50229,01/01/1972,01/01/2025,ST,NG,7,Coast,TX,29.6981,-95.2547,35
63,63_845_p50304,01/01/1979,01/01/2025,DEFAULT,PUR,7,Coast,TX,29.7232,-95.1289,45
64,64_845_p50304,01/01/1979,01/01/2025,DEFAULT,PUR,7,Coast,TX,29.7232,-95.1289,45
65,65_845_p50304,01/01/1995,01/01/2100,GT,OG,7,Coast,TX,29.7232,-95.1289,75
66,66_845_p50304,01/01/1995,01/01/2100,GT,OG,7,Coast,TX,29.7232,-95.1289,70
67,67_846_p50815,01/01/1986,01/01/2100,CC,NG,7,Coast,TX,29.8162,-95.1077,120.1
68,68_846_p50815,01/01/1995,01/01/2100,CC,NG,7,Coast,TX,29.8162,-95.1077,69
69,69_846_p50815,01/01/1985,01/01/2100,CC,NG,7,Coast,TX,29.8162,-95.1077,69.8
70,70_846_p50815,01/01/1985,01/01/2100,CC,NG,7,Coast,TX,29.8162,-95.1077,69.8
71,71_846_p50815,01/01/1985,01/01/2100,CC,NG,7,Coast,TX,29.8162,-95.1077,70.1
72,72_846_p50815,01/01/1986,01/01/2100,CC,NG,7,Coast,TX,29.8162,-95.1077,70
73,73_846_p50815,01/01/1986,01/01/2100,CC,NG,7,Coast,TX,29.8162,-95.1077,68.4
74,74_848_p52088,01/01/1987,01/01/2100,CC,NG,7,Coast,TX,29.3787,-94.9438,139
75,75_848_p52088,01/01/1987,01/01/2100,CC,NG,7,Coast,TX,29.3787,-94.9438,104
76,76_848_p52088,01/01/1987,01/01/2100,CC,NG,7,Coast,TX,29.3787,-94.9438,104
77,77_848_p52088,01/01/1987,01/01/2100,CC,NG,7,Coast,TX,29.3787,-94.9438,104
78,78_849_p52120,01/01/1983,01/01/2100,CC,NG,7,Coast,TX,28.9914,-95.4075,95.6
79,79_849_p52120,01/01/1984,01/01/2100,CC,NG,7,Coast,TX,28.9914,-95.4075,95.6
80,80_849_p52120,01/01/1984,01/01/2100,CC,NG,7,Coast,TX,28.9914,-95.4075,95.2
81,81_849_p52120,01/01/1982,01/01/2100,CC,NG,7,Coast,TX,28.9914,-95.4075,68.3
82,82_849_p52120,01/01/1982,01/01/2100,CC,NG,7,Coast,TX,28.9914,-95.4075,68.3
83,83_849_p52120,01/01/1982,01/01/2100,CC,NG,7,Coast,TX,28.9914,-95.4075,35
84,84_849_p52120,01/01/1978,01/01/2025,GT,NG,7,Coast,TX,28.9914,-95.4075,59.2
85,85_850_p52132,01/01/1986,01/01/2100,CC,NG,7,Coast,TX,29.3782,-94.922,69
86,86_850_p52132,01/01/1986,01/01/2100,CC,NG,7,Coast,TX,29.3782,-94.922,69
87,87_850_p52132,01/01/1986,01/01/2100,CC,NG,7,Coast,TX,29.3782,-94.922,34
88,88_852_p54676,01/01/1994,01/01/2100,CC,NG,7,Coast,TX,28.9802,-95.342,160
89,89_852_p54676,01/01/1994,01/01/2100,CC,NG,7,Coast,TX,28.9802,-95.342,73
90,90_852_p54676,01/01/1994,01/01/2100,CC,NG,7,Coast,TX,28.9802,-95.342,73
91,91_852_p54676,01/01/1994,01/01/2100,CC,NG,7,Coast,TX,28.9802,-95.342,73
92,92_853_p55015,01/01/1997,01/01/2100,GT,NG,7,Coast,TX,29.0728,-95.745,109
93,93_853_p55015,01/01/1997,01/01/2100,GT,NG,7,Coast,TX,29.0728,-95.745,109
94,94_853_p55015,01/01/1997,01/01/2100,GT,NG,7,Coast,TX,29.0728,-95.745,109
95,95_853_p55015,01/01/2000,01/01/2100,GT,NG,7,Coast,TX,29.0728,-95.745,109
96,96_854_p55047,01/01/1998,01/01/2100,CC,NG,7,Coast,TX,29.7248,-95.1765,165
97,97_854_p55047,01/01/2000,01/01/2100,CC,NG,7,Coast,TX,29.7248,-95.1765,165
98,98_854_p55047,01/01/2000,01/01/2100,CC,NG,7,Coast,TX,29.7248,-95.1765,165
99,99_854_p55047,01/01/2000,01/01/2100,CC,NG,7,Coast,TX,29.7248,-95.1765,165
100,100_854_p55047,01/01/1998,01/01/2100,CC,NG,7,Coast,TX,29.7248,-95.1765,60
101,101_855_p55187,01/01/2002,01/01/2100,CC,NG,7,Coast,TX,29.837,-95.1217,162
102,102_855_p55187,01/01/2002,01/01/2100,CC,NG,7,Coast,TX,29.837,-95.1217,162
103,103_855_p55187,01/01/2002,01/01/2100,CC,NG,7,Coast,TX,29.837,-95.1217,163
104,104_855_p55187,01/01/2001,01/01/2100,CC,NG,7,Coast,TX,29.837,-95.1217,161
105,105_855_p55187,01/01/2002,01/01/2100,CC,NG,7,Coast,TX,29.837,-95.1217,136
106,106_856_p55299,01/01/2002,01/01/2100,CC,NG,7,Coast,TX,29.7189,-95.2319,215
107,107_856_p55299,01/01/2001,01/01/2100,CC,NG,7,Coast,TX,29.7189,-95.2319,185
108,108_856_p55299,01/01/2002,01/01/2100,CC,NG,7,Coast,TX,29.7189,-95.2319,185
109,109_856_p55299,01/01/2014,01/01/2100,CC,NG,7,Coast,TX,29.7189,-95.2319,183
110,110_857_p55311,01/01/1999,01/01/2100,DEFAULT,WH,7,Coast,TX,29.002,-95.394,11.7
111,111_857_p55311,01/01/1999,01/01/2025,GT,NG,7,Coast,TX,29.002,-95.394,75
112,112_858_p55327,01/01/2002,01/01/2100,CC,NG,7,Coast,TX,29.7732,-94.9019,275
113,113_858_p55327,01/01/2002,01/01/2100,CC,NG,7,Coast,TX,29.7732,-94.9019,175
114,114_858_p55327,01/01/2002,01/01/2100,CC,NG,7,Coast,TX,29.7732,-94.9019,175
115,115_858_p55327,01/01/2002,01/01/2100,CC,NG,7,Coast,TX,29.7732,-94.9019,175
116,116_859_p55357,01/01/2003,01/01/2025,CC,NG,7,Coast,TX,29.4731,-95.6244,193
117,117_859_p55357,01/01/2003,01/01/2025,CC,NG,7,Coast,TX,29.4731,-95.6244,166
118,118_859_p55357,01/01/2003,01/01/2025,CC,NG,7,Coast,TX,29.4731,-95.6244,166
119,119_860_p55365,01/01/2001,01/01/2025,GT,NG,7,Coast,TX,29.7029,-95.0718,38
120,120_860_p55365,01/01/2001,01/01/2025,GT,NG,7,Coast,TX,29.7029,-95.0718,38
121,121_860_p55365,01/01/2001,01/01/2025,GT,NG,7,Coast,TX,29.7029,-95.0718,38
122,122_860_p55365,01/01/2001,01/01/2025,GT,NG,7,Coast,TX,29.7029,-95.0718,38
123,123_861_p55464,01/01/2004,01/01/2100,CC,NG,7,Coast,TX,29.7134,-95.1345,282
124,124_861_p55464,01/01/2003,01/01/2100,CC,NG,7,Coast,TX,29.7134,-95.1345,169.8
125,125_861_p55464,01/01/2003,01/01/2100,CC,NG,7,Coast,TX,29.7134,-95.1345,169.8
126,126_861_p55464,01/01/2004,01/01/2100,CC,NG,7,Coast,TX,29.7134,-95.1345,169.8
127,127_861_p55464,01/01/2004,01/01/2100,CC,NG,7,Coast,TX,29.7134,-95.1345,169.8
128,128_861_p55464,01/01/2014,01/01/2100,CC,NG,7,Coast,TX,29.7134,-95.1345,154.8
129,129_862_p55470,01/01/2003,01/01/2100,CC,NG,7,Coast,TX,29.3781,-94.9328,75
130,130_862_p55470,01/01/2003,01/01/2100,CC,NG,7,Coast,TX,29.3781,-94.9328,158
131,131_862_p55470,01/01/2003,01/01/2100,CC,NG,7,Coast,TX,29.3781,-94.9328,158
132,132_862_p55470,01/01/2003,01/01/2100,CC,NG,7,Coast,TX,29.3781,-94.9328,158
133,133_862_p55470,01/01/2009,01/01/2100,CC,NG,7,Coast,TX,29.3781,-94.9328,75
134,134_863_p56152,01/01/2007,01/01/2100,CC,NG,7,Coast,TX,28.9888,-95.3954,169.4
135,135_863_p56152,01/01/2007,01/01/2100,CC,NG,7,Coast,TX,28.9888,-95.3954,50
136,136_864_p56350,01/01/2007,01/01/2100,CC,NG,7,Coast,TX,29.2878,-96.0683,98
137,137_864_p56350,01/01/2008,01/01/2100,CC,NG,7,Coast,TX,29.2878,-96.0683,98
138,138_864_p56350,01/01/2002,01/01/2100,CC,NG,7,Coast,TX,29.2878,-96.0683,72
139,139_864_p56350,01/01/2002,01/01/2100,CC,NG,7,Coast,TX,29.2878,-96.0683,72
140,140_864_p56350,01/01/2002,01/01/2100,CC,NG,7,Coast,TX,29.2878,-96.0683,72
141,141_864_p56350,01/01/2002,01/01/2100,CC,NG,7,Coast,TX,29.2878,-96.0683,72
142,142_865_p56806,01/01/2009,01/01/2039,CC,NG,7,Coast,TX,29.7516,-94.9231,172
143,143_865_p56806,01/01/2009,01/01/2039,CC,NG,7,Coast,TX,29.7516,-94.9231,165
144,144_865_p56806,01/01/2009,01/01/2039,CC,NG,7,Coast,TX,29.7516,-94.9231,165
145,145_866_p57322,01/01/2009,01/01/2030,GT,NG,7,Coast,TX,29.8382,-94.9007,12.3
146,146_867_p57504,01/01/2010,01/01/2030,GT,NG,7,Coast,TX,29.7035,-95.3983,48
147,147_869_p58378,01/01/2013,01/01/2045,GT,NG,7,Coast,TX,29.4753,-95.6342,74
148,148_870_p58870,01/01/2015,01/01/2100,DEFAULT,WH,7,Coast,TX,29.7395,-95.1947,14
149,149_871_p59145,01/01/2019,01/01/2040,GT,NG,7,Coast,TX,28.9792,-95.3069,70
150,150_873_p60122,01/01/2017,01/01/2040,CC,NG,7,Coast,TX,29.2894,-96.0654,472.5
151,151_873_p60122,01/01/2017,01/01/2040,CC,NG,7,Coast,TX,29.2894,-96.0654,331.9
152,152_873_p60122,01/01/2017,01/01/2040,CC,NG,7,Coast,TX,29.2894,-96.0654,335.3
153,153_874_p60264,01/01/2018,01/01/2100,GT,NG,7,Coast,TX,29.4924,-94.9848,54
154,154_874_p60264,01/01/2018,01/01/2100,GT,NG,7,Coast,TX,29.4924,-94.9848,54
155,155_874_p60264,01/01/2018,01/01/2100,GT,NG,7,Coast,TX,29.4924,-94.9848,54
156,156_874_p60264,01/01/2018,01/01/2100,GT,NG,7,Coast,TX,29.4924,-94.9848,54
157,157_874_p60264,01/01/2018,01/01/2100,GT,NG,7,Coast,TX,29.4924,-94.9848,54
158,158_874_p60264,01/01/2018,01/01/2100,GT,NG,7,Coast,TX,29.4924,-94.9848,54
159,159_875_p60460,01/01/2017,01/01/2040,GT,NG,7,Coast,TX,29.8833,-95.1113,45
160,160_875_p60460,01/01/2017,01/01/2040,GT,NG,7,Coast,TX,29.8833,-95.1113,45
161,161_876_p60468,01/01/2018,01/01/2040,GT,NG,7,Coast,TX,29.6473,-95.4515,117
162,162_878_p61867,01/01/2018,01/01/2100,PV,SUN,7,Coast,TX,29.6314,-96.0769,10
163,163_879_p61868,01/01/2018,01/01/2100,PV,SUN,7,Coast,TX,29.5376,-95.9695,10
164,164_880_p61875,01/01/2019,01/01/2100,PV,SUN,7,Coast,TX,29.2054,-96.0234,10
165,165_1250_p3609,01/01/2004,01/01/2100,GT,NG,6,SouthCentral,TX,29.3525,-98.5761,46
166,166_1250_p3609,01/01/2004,01/01/2100,GT,NG,6,SouthCentral,TX,29.3525,-98.5761,46
167,167_1250_p3609,01/01/2004,01/01/2100,GT,NG,6,SouthCentral,TX,29.3525,-98.5761,46
168,168_1250_p3609,01/01/2004,01/01/2100,GT,NG,6,SouthCentral,TX,29.3525,-98.5761,46
169,169_1251_p3611,01/01/1972,01/01/2026,ST,NG,6,SouthCentral,TX,29.3081,-98.3242,420
170,170_1251_p3611,01/01/1974,01/01/2028,ST,NG,6,SouthCentral,TX,29.3081,-98.3242,410
171,171_1252_p3612,01/01/2010,01/01/2100,GT,NG,6,SouthCentral,TX,29.2567,-98.3825,48
172,172_1252_p3612,01/01/2010,01/01/2100,GT,NG,6,SouthCentral,TX,29.2567,-98.3825,48
173,173_1252_p3612,01/01/2010,01/01/2100,GT,NG,6,SouthCentral,TX,29.2567,-98.3825,48
174,174_1252_p3612,01/01/2010,01/01/2100,GT,NG,6,SouthCentral,TX,29.2567,-98.3825,47
175,175_1252_p3612,01/01/1970,01/01/2024,ST,NG,6,SouthCentral,TX,29.2567,-98.3825,412
176,176_1252_p3612,01/01/1968,01/01/2024,ST,NG,6,SouthCentral,TX,29.2567,-98.3825,230
177,177_1252_p3612,01/01/1966,01/01/2024,ST,NG,6,SouthCentral,TX,29.2567,-98.3825,217
178,178_1253_p3630,01/01/2010,01/01/2100,ST,NG,4,South,TX,28.9276,-99.0919,8.4
179,179_1253_p3630,01/01/2010,01/01/2100,ST,NG,4,South,TX,28.9276,-99.0919,8.4
180,180_1253_p3630,01/01/2010,01/01/2100,ST,NG,4,South,TX,28.9276,-99.0919,8.4
181,181_1253_p3630,01/01/2010,01/01/2100,ST,NG,4,South,TX,28.9276,-99.0919,8.4
182,182_1253_p3630,01/01/2010,01/01/2100,ST,NG,4,South,TX,28.9276,-99.0919,8.4
183,183_1253_p3630,01/01/2010,01/01/2100,ST,NG,4,South,TX,28.9276,-99.0919,8.4
184,184_1253_p3630,01/01/2010,01/01/2100,ST,NG,4,South,TX,28.9276,-99.0919,8.4
185,185_1253_p3630,01/01/2010,01/01/2100,ST,NG,4,South,TX,28.9276,-99.0919,8.4
186,186_1253_p3630,01/01/2010,01/01/2100,ST,NG,4,South,TX,28.9276,-99.0919,8.4
187,187_1253_p3630,01/01/2010,01/01/2100,ST,NG,4,South,TX,28.9276,-99.0919,8.4
188,188_1253_p3630,01/01/2010,01/01/2100,ST,NG,4,South,TX,28.9276,-99.0919,8.4
189,189_1253_p3630,01/01/2010,01/01/2100,ST,NG,4,South,TX,28.9276,-99.0919,8.4
190,190_1253_p3630,01/01/2010,01/01/2100,ST,NG,4,South,TX,28.9276,-99.0919,8.4
191,191_1253_p3630,01/01/2010,01/01/2100,ST,NG,4,South,TX,28.9276,-99.0919,8.4
192,192_1253_p3630,01/01/2010,01/01/2100,ST,NG,4,South,TX,28.9276,-99.0919,8.4
193,193_1253_p3630,01/01/2010,01/01/2100,ST,NG,4,South,TX,28.9276,-99.0919,8.4
194,194_1253_p3630,01/01/2010,01/01/2100,ST,NG,4,South,TX,28.9276,-99.0919,8.4
195,195_1253_p3630,01/01/2010,01/01/2100,ST,NG,4,South,TX,28.9276,-99.0919,8.4
196,196_1253_p3630,01/01/2010,01/01/2100,ST,NG,4,South,TX,28.9276,-99.0919,8.4
197,197_1253_p3630,01/01/2010,01/01/2100,ST,NG,4,South,TX,28.9276,-99.0919,8.4
198,198_1253_p3630,01/01/2010,01/01/2100,ST,NG,4,South,TX,28.9276,-99.0919,8.4
199,199_1253_p3630,01/01/2010,01/01/2100,ST,NG,4,South,TX,28.9276,-99.0919,8.4
200,200_1253_p3630,01/01/2010,01/01/2100,ST,NG,4,South,TX,28.9276,-99.0919,8.4
201,201_1253_p3630,01/01/2010,01/01/2100,ST,NG,4,South,TX,28.9276,-99.0919,8.4
202,202_1254_p6181,01/01/1977,01/01/2024,ST,SUB,6,SouthCentral,TX,29.3081,-98.3228,420
203,203_1254_p6181,01/01/1978,01/01/2024,ST,SUB,6,SouthCentral,TX,29.3081,-98.3228,420
204,204_1255_p6183,01/01/1982,01/01/2100,ST,LIG,4,South,TX,28.7045,-98.4775,391
205,205_1256_p7097,01/01/2010,01/01/2100,ST,SUB,6,SouthCentral,TX,29.3098,-98.3203,785
206,206_1256_p7097,01/01/1992,01/01/2100,ST,SUB,6,SouthCentral,TX,29.3098,-98.3203,560
207,207_1257_p7512,01/01/2000,01/01/2025,CC,NG,6,SouthCentral,TX,29.2571,-98.384,190
208,208_1257_p7512,01/01/2000,01/01/2025,CC,NG,6,SouthCentral,TX,29.2571,-98.384,164
209,209_1257_p7512,01/01/2000,01/01/2025,CC,NG,6,SouthCentral,TX,29.2571,-98.384,164
210,210_1260_p57197,01/01/2010,01/01/2100,PV,SUN,6,SouthCentral,TX,29.3042,-98.4003,13.5
211,211_1261_p58000,01/01/2012,01/01/2100,WT_ON,WND,3,West,TX,29.2348,-100.2092,99.8
212,212_1263_p58027,01/01/2012,01/01/2100,PV,SUN,6,SouthCentral,TX,29.245,-98.4183,9.9
213,213_1264_p58068,01/01/2012,01/01/2100,PV,SUN,6,SouthCentral,TX,29.245,-98.4183,9.9
214,214_1265_p58537,01/01/2013,01/01/2100,PV,SUN,6,SouthCentral,TX,29.2717,-98.4447,40.7
215,215_1267_p58717,01/01/2014,01/01/2100,PV,SUN,3,West,TX,29.3289,-100.3839,39.6
216,216_1269_p59205,01/01/2015,01/01/2100,PV,SUN,3,West,TX,29.2167,-99.7161,100
217,217_1274_p62609,01/01/2019,01/01/2040,ES,MWH,6,SouthCentral,TX,29.4345,-98.6177,10
218,218_1569_p3453,01/01/1967,01/01/2025,ST,NG,5,NorthCentral,TX,32.7232,-96.9358,568
219,219_1569_p3453,01/01/1958,01/01/2025,ST,NG,5,NorthCentral,TX,32.7232,-96.9358,118
220,220_1569_p3453,01/01/1956,01/01/2025,ST,NG,5,NorthCentral,TX,32.7232,-96.9358,122
221,221_1570_p55223,01/01/2002,01/01/2100,CC,NG,5,NorthCentral,TX,32.32,-96.675,245.1
222,222_1570_p55223,01/01/2002,01/01/2100,CC,NG,5,NorthCentral,TX,32.32,-96.675,114.4
223,223_1571_p55480,01/01/2003,01/01/2100,CC,NG,5,NorthCentral,TX,32.7563,-96.4916,408
224,224_1571_p55480,01/01/2003,01/01/2100,CC,NG,5,NorthCentral,TX,32.7563,-96.4916,408
225,225_1571_p55480,01/01/2003,01/01/2100,CC,NG,5,NorthCentral,TX,32.7563,-96.4916,167
226,226_1571_p55480,01/01/2003,01/01/2100,CC,NG,5,NorthCentral,TX,32.7563,-96.4916,159
227,227_1571_p55480,01/01/2003,01/01/2100,CC,NG,5,NorthCentral,TX,32.7563,-96.4916,159
228,228_1571_p55480,01/01/2003,01/01/2100,CC,NG,5,NorthCentral,TX,32.7563,-96.4916,167
229,229_1571_p55480,01/01/2003,01/01/2100,CC,NG,5,NorthCentral,TX,32.7563,-96.4916,159
230,230_1571_p55480,01/01/2003,01/01/2100,CC,NG,5,NorthCentral,TX,32.7563,-96.4916,159
231,231_1809_p3548,01/01/1988,01/01/2100,GT,NG,6,SouthCentral,TX,30.3034,-97.6128,52
232,232_1809_p3548,01/01/1988,01/01/2100,GT,NG,6,SouthCentral,TX,30.3034,-97.6128,52
233,233_1809_p3548,01/01/1988,01/01/2100,GT,NG,6,SouthCentral,TX,30.3034,-97.6128,52
234,234_1809_p3548,01/01/1988,01/01/2100,GT,NG,6,SouthCentral,TX,30.3034,-97.6128,52
235,235_1809_p3548,01/01/1978,01/01/2100,ST,NG,6,SouthCentral,TX,30.3034,-97.6128,404
236,236_1809_p3548,01/01/1971,01/01/2100,ST,NG,6,SouthCentral,TX,30.3034,-97.6128,320
237,237_1810_p3594,01/01/1940,01/01/2100,HYDRO,WAT,6,SouthCentral,TX,30.2934,-97.7844,8.2
238,238_1810_p3594,01/01/1940,01/01/2100,HYDRO,WAT,6,SouthCentral,TX,30.2934,-97.7844,8.8
239,239_1811_p3597,01/01/1951,01/01/2100,HYDRO,WAT,6,SouthCentral,TX,30.556,-98.3384,27
240,240_1811_p3597,01/01/1951,01/01/2100,HYDRO,WAT,6,SouthCentral,TX,30.556,-98.3384,27
241,241_1812_p3599,01/01/1951,01/01/2100,HYDRO,WAT,6,SouthCentral,TX,30.5553,-98.2576,19.8
242,242_1812_p3599,01/01/1951,01/01/2100,HYDRO,WAT,6,SouthCentral,TX,30.5553,-98.2576,19.8
243,243_1813_p3600,01/01/1941,01/01/2100,HYDRO,WAT,6,SouthCentral,TX,30.3899,-97.9073,36
244,244_1813_p3600,01/01/1941,01/01/2100,HYDRO,WAT,6,SouthCentral,TX,30.3899,-97.9073,36
245,245_1813_p3600,01/01/1941,01/01/2100,HYDRO,WAT,6,SouthCentral,TX,30.3899,-97.9073,36
246,246_1814_p3601,01/01/1972,01/01/2025,ST,NG,6,SouthCentral,TX,30.1457,-97.2708,335
247,247_1814_p3601,01/01/1965,01/01/2025,ST,NG,6,SouthCentral,TX,30.1457,-97.2708,136
248,248_1814_p3601,01/01/1968,01/01/2025,ST,NG,6,SouthCentral,TX,30.1457,-97.2708,136
249,249_1815_p4937,01/01/2014,01/01/2100,CC,NG,6,SouthCentral,TX,30.5581,-98.3705,180
250,250_1815_p4937,01/01/2014,01/01/2100,CC,NG,6,SouthCentral,TX,30.5581,-98.3705,168
251,251_1815_p4937,01/01/2014,01/01/2100,CC,NG,6,SouthCentral,TX,30.5581,-98.3705,168
252,252_1816_p7900,01/01/2004,01/01/2100,CC,NG,6,SouthCentral,TX,30.2099,-97.6129,161
253,253_1816_p7900,01/01/2004,01/01/2100,CC,NG,6,SouthCentral,TX,30.2099,-97.6129,151
254,254_1816_p7900,01/01/2001,01/01/2100,GT,NG,6,SouthCentral,TX,30.2099,-97.6129,47.3
255,255_1816_p7900,01/01/2001,01/01/2100,GT,NG,6,SouthCentral,TX,30.2099,-97.6129,47.3
256,256_1816_p7900,01/01/2001,01/01/2100,GT,NG,6,SouthCentral,TX,30.2099,-97.6129,47.3
257,257_1816_p7900,01/01/2001,01/01/2100,GT,NG,6,SouthCentral,TX,30.2099,-97.6129,47.3
258,258_1816_p7900,01/01/2010,01/01/2100,GT,NG,6,SouthCentral,TX,30.2099,-97.6129,47.3
259,259_1816_p7900,01/01/2010,01/01/2100,GT,NG,6,SouthCentral,TX,30.2099,-97.6129,47.3
260,260_1818_p50118,01/01/1987,01/01/2100,CC,NG,6,SouthCentral,TX,30.2867,-97.7356,46.5
261,261_1818_p50118,01/01/2010,01/01/2100,CC,NG,6,SouthCentral,TX,30.2867,-97.7356,33
262,262_1818_p50118,01/01/1979,01/01/2100,CC,NG,6,SouthCentral,TX,30.2867,-97.7356,27.6
263,263_1818_p50118,01/01/2004,01/01/2100,CC,NG,6,SouthCentral,TX,30.2867,-97.7356,26.1
264,264_1819_p55154,01/01/2001,01/01/2100,CC,NG,6,SouthCentral,TX,30.1479,-97.2714,172
265,265_1819_p55154,01/01/2001,01/01/2100,CC,NG,6,SouthCentral,TX,30.1479,-97.2714,169
266,266_1819_p55154,01/01/2001,01/01/2100,CC,NG,6,SouthCentral,TX,30.1479,-97.2714,169
267,267_1820_p55168,01/01/2002,01/01/2025,CC,NG,6,SouthCentral,TX,30.1458,-97.55,227
268,268_1820_p55168,01/01/2002,01/01/2025,CC,NG,6,SouthCentral,TX,30.1458,-97.55,149
269,269_1820_p55168,01/01/2002,01/01/2025,CC,NG,6,SouthCentral,TX,30.1458,-97.55,149
270,270_1823_p56674,01/01/2010,01/01/2100,GT,NG,6,SouthCentral,TX,30.0382,-96.9875,44
271,271_1823_p56674,01/01/2010,01/01/2100,GT,NG,6,SouthCentral,TX,30.0382,-96.9875,44
272,272_1823_p56674,01/01/2010,01/01/2100,GT,NG,6,SouthCentral,TX,30.0382,-96.9875,44
273,273_1823_p56674,01/01/2010,01/01/2100,GT,NG,6,SouthCentral,TX,30.0382,-96.9875,44
274,274_1824_p57699,01/01/2011,01/01/2100,PV,SUN,6,SouthCentral,TX,30.2385,-97.5088,30
275,275_2183_p3490,01/01/1969,01/01/2025,ST,NG,5,NorthCentral,TX,33.1344,-98.6117,390
276,276_2183_p3490,01/01/1960,01/01/2025,ST,NG,5,NorthCentral,TX,33.1344,-98.6117,234
277,277_2184_p3491,01/01/1976,01/01/2040,ST,NG,5,NorthCentral,TX,32.7283,-97.2192,435
278,278_2184_p3491,01/01/1977,01/01/2040,ST,NG,5,NorthCentral,TX,32.7283,-97.2192,435
279,279_2184_p3491,01/01/1963,01/01/2040,ST,NG,5,NorthCentral,TX,32.7283,-97.2192,395
280,280_2185_p3628,01/01/1994,01/01/2100,GT,NG,5,NorthCentral,TX,32.6581,-98.3103,104
281,281_2185_p3628,01/01/1994,01/01/2100,GT,NG,5,NorthCentral,TX,32.6581,-98.3103,104
282,282_2185_p3628,01/01/1975,01/01/2025,ST,NG,5,NorthCentral,TX,32.6581,-98.3103,200
283,283_2185_p3628,01/01/1972,01/01/2025,ST,NG,5,NorthCentral,TX,32.6581,-98.3103,100
284,284_2185_p3628,01/01/1968,01/01/2025,ST,NG,5,NorthCentral,TX,32.6581,-98.3103,66
285,285_2186_p6145,01/01/1990,01/01/2100,NUC,NUC,5,NorthCentral,TX,32.2984,-97.7855,1205
286,286_2186_p6145,01/01/1993,01/01/2100,NUC,NUC,5,NorthCentral,TX,32.2984,-97.7855,1195
287,287_2187_p8063,01/01/1990,01/01/2100,GT,NG,5,NorthCentral,TX,32.4031,-97.7006,71
288,288_2187_p8063,01/01/1990,01/01/2100,GT,NG,5,NorthCentral,TX,32.4031,-97.7006,70
289,289_2187_p8063,01/01/1990,01/01/2100,GT,NG,5,NorthCentral,TX,32.4031,-97.7006,70
290,290_2187_p8063,01/01/1990,01/01/2100,GT,NG,5,NorthCentral,TX,32.4031,-97.7006,71
291,291_2188_p50127,01/01/1987,01/01/2025,CC,NG,2,North,TX,33.8625,-98.5894,19.7
292,292_2188_p50127,01/01/1987,01/01/2025,CC,NG,2,North,TX,33.8625,-98.5894,19.7
293,293_2188_p50127,01/01/1987,01/01/2025,CC,NG,2,North,TX,33.8625,-98.5894,19.7
294,294_2188_p50127,01/01/1987,01/01/2025,CC,NG,2,North,TX,33.8625,-98.5894,17
295,295_2190_p54817,01/01/1996,01/01/2100,CC,NG,5,NorthCentral,TX,32.3995,-97.4078,163
296,296_2190_p54817,01/01/1996,01/01/2100,CC,NG,5,NorthCentral,TX,32.3995,-97.4078,104
297,297_2192_p55139,01/01/2003,01/01/2100,CC,NG,5,NorthCentral,TX,32.3342,-97.7317,280
298,298_2192_p55139,01/01/2003,01/01/2100,CC,NG,5,NorthCentral,TX,32.3342,-97.7317,212.5
299,299_2192_p55139,01/01/2003,01/01/2100,CC,NG,5,NorthCentral,TX,32.3342,-97.7317,212.5
300,300_2193_p55230,01/01/2006,01/01/2100,CC,NG,5,NorthCentral,TX,33.101,-97.9574,290.5
301,301_2193_p55230,01/01/2011,01/01/2100,CC,NG,5,NorthCentral,TX,33.101,-97.9574,290.5
302,302_2193_p55230,01/01/2006,01/01/2100,CC,NG,5,NorthCentral,TX,33.101,-97.9574,165
303,303_2193_p55230,01/01/2006,01/01/2100,CC,NG,5,NorthCentral,TX,33.101,-97.9574,165
304,304_2193_p55230,01/01/2011,01/01/2100,CC,NG,5,NorthCentral,TX,33.101,-97.9574,165
305,305_2193_p55230,01/01/2011,01/01/2100,CC,NG,5,NorthCentral,TX,33.101,-97.9574,165
306,306_2194_p55320,01/01/2004,01/01/2100,CC,NG,5,NorthCentral,TX,33.0583,-97.9103,230
307,307_2194_p55320,01/01/2004,01/01/2100,CC,NG,5,NorthCentral,TX,33.0583,-97.9103,225
308,308_2194_p55320,01/01/2004,01/01/2100,CC,NG,5,NorthCentral,TX,33.0583,-97.9103,225
309,309_2195_p56771,01/01/2008,01/01/2100,WT_ON,WND,5,NorthCentral,TX,32.3387,-98.4761,60
310,310_2197_p57156,01/01/2009,01/01/2100,WT_ON,WND,5,NorthCentral,TX,33.0681,-98.3377,120
311,311_2198_p57520,01/01/2011,01/01/2100,WT_ON,WND,5,NorthCentral,TX,33.3837,-98.7119,225
312,312_2199_p57974,01/01/2012,01/01/2100,WT_ON,WND,2,North,TX,33.4931,-98.5819,161
313,313_2200_p57981,01/01/2012,01/01/2100,WT_ON,WND,5,NorthCentral,TX,33.2059,-98.3651,150
314,314_2201_p58080,01/01/2008,01/01/2100,WT_ON,WND,2,North,TX,33.7331,-97.4284,112.5
315,315_2202_p58372,01/01/2012,01/01/2100,WT_ON,WND,2,North,TX,34.29,-99.3647,135.4
316,316_2203_p58838,01/01/2015,01/01/2100,WT_ON,WND,5,NorthCentral,TX,33.1431,-98.1611,110
317,317_2204_p59034,01/01/2015,01/01/2100,WT_ON,WND,2,North,TX,33.5098,-98.3608,204
318,318_2205_p59238,01/01/2014,01/01/2100,WT_ON,WND,2,North,TX,33.4954,-98.5,67.6
319,319_2206_p59732,01/01/2015,01/01/2100,WT_ON,WND,2,North,TX,33.6282,-99.4112,150
320,320_2207_p59812,01/01/2017,01/01/2040,CC,NG,5,NorthCentral,TX,32.3377,-97.7346,458.3
321,321_2207_p59812,01/01/2017,01/01/2040,CC,NG,5,NorthCentral,TX,32.3377,-97.7346,327.8
322,322_2207_p59812,01/01/2017,01/01/2040,CC,NG,5,NorthCentral,TX,32.3377,-97.7346,329.3
323,323_2208_p60338,01/01/2016,01/01/2100,WT_ON,WND,2,North,TX,34.103,-99.1187,230
324,324_2209_p60502,01/01/2016,01/01/2100,WT_ON,WND,2,North,TX,33.7039,-97.372,125
325,325_2210_p60983,01/01/2017,01/01/2100,WT_ON,WND,5,NorthCentral,TX,32.3713,-98.3774,100.5
326,326_2213_p61643,01/01/2018,01/01/2100,ST,NG,5,NorthCentral,TX,33.2149,-97.2097,18.8
327,327_2213_p61643,01/01/2018,01/01/2100,ST,NG,5,NorthCentral,TX,33.2149,-97.2097,18.8
328,328_2213_p61643,01/01/2018,01/01/2100,ST,NG,5,NorthCentral,TX,33.2149,-97.2097,18.8
329,329_2213_p61643,01/01/2018,01/01/2100,ST,NG,5,NorthCentral,TX,33.2149,-97.2097,18.8
330,330_2213_p61643,01/01/2018,01/01/2100,ST,NG,5,NorthCentral,TX,33.2149,-97.2097,18.8
331,331_2213_p61643,01/01/2018,01/01/2100,ST,NG,5,NorthCentral,TX,33.2149,-97.2097,18.8
332,332_2213_p61643,01/01/2018,01/01/2100,ST,NG,5,NorthCentral,TX,33.2149,-97.2097,18.8
333,333_2213_p61643,01/01/2018,01/01/2100,ST,NG,5,NorthCentral,TX,33.2149,-97.2097,18.8
334,334_2213_p61643,01/01/2018,01/01/2100,ST,NG,5,NorthCentral,TX,33.2149,-97.2097,18.8
335,335_2213_p61643,01/01/2018,01/01/2100,ST,NG,5,NorthCentral,TX,33.2149,-97.2097,18.8
336,336_2213_p61643,01/01/2018,01/01/2100,ST,NG,5,NorthCentral,TX,33.2149,-97.2097,18.8
337,337_2213_p61643,01/01/2018,01/01/2100,ST,NG,5,NorthCentral,TX,33.2149,-97.2097,18.8
338,338_2214_p62227,01/01/2019,01/01/2100,WT_ON,WND,2,North,TX,33.5783,-99.1921,30.2
339,339_2215_p62356,01/01/2019,01/01/2100,WT_ON,WND,2,North,TX,34.0723,-99.2647,183.8
340,340_2216_p63180,01/01/2017,01/01/2100,PV,SUN,5,NorthCentral,TX,32.05,-97.35,9.9
341,341_2401_p3441,01/01/1972,01/01/2100,CC,NG,4,South,TX,27.8194,-97.4192,319
342,342_2401_p3441,01/01/2010,01/01/2100,CC,NG,4,South,TX,27.8194,-97.4192,157
343,343_2401_p3441,01/01/2010,01/01/2100,CC,NG,4,South,TX,27.8194,-97.4192,157
344,344_2402_p3443,01/01/2009,01/01/2100,CC,NG,7,Coast,TX,28.7883,-97.01,175
345,345_2402_p3443,01/01/1963,01/01/2100,CC,NG,7,Coast,TX,28.7883,-97.01,125
346,346_2403_p3631,01/01/2003,01/01/2025,CC,NG,7,Coast,TX,28.8947,-97.135,49
347,347_2403_p3631,01/01/2003,01/01/2025,CC,NG,7,Coast,TX,28.8947,-97.135,49
348,348_2403_p3631,01/01/2003,01/01/2025,CC,NG,7,Coast,TX,28.8947,-97.135,48
349,349_2403_p3631,01/01/2003,01/01/2025,CC,NG,7,Coast,TX,28.8947,-97.135,37
350,350_2403_p3631,01/01/1963,01/01/2025,GT,NG,7,Coast,TX,28.8947,-97.135,10.5
351,351_2403_p3631,01/01/1963,01/01/2025,GT,NG,7,Coast,TX,28.8947,-97.135,10.5
352,352_2404_p4939,01/01/1976,01/01/2100,CC,NG,4,South,TX,27.6065,-97.3117,319
353,353_2404_p4939,01/01/2010,01/01/2100,CC,NG,4,South,TX,27.6065,-97.3117,157
354,354_2404_p4939,01/01/2010,01/01/2100,CC,NG,4,South,TX,27.6065,-97.3117,157
355,355_2404_p4939,01/01/1974,01/01/2025,ST,NG,4,South,TX,27.6065,-97.3117,300
356,356_2405_p6178,01/01/1980,01/01/2100,ST,SUB,4,South,TX,28.7128,-97.2142,655
357,357_2407_p10243,01/01/1989,01/01/2025,GT,NG,4,South,TX,27.5697,-97.8228,32.5
358,358_2408_p10554,01/01/1993,01/01/2100,CC,NG,7,Coast,TX,28.6917,-96.5417,72
359,359_2408_p10554,01/01/1993,01/01/2100,CC,NG,7,Coast,TX,28.6917,-96.5417,72
360,360_2408_p10554,01/01/1993,01/01/2100,CC,NG,7,Coast,TX,28.6917,-96.5417,72
361,361_2408_p10554,01/01/1994,01/01/2100,CC,NG,7,Coast,TX,28.6917,-96.5417,72
362,362_2408_p10554,01/01/1994,01/01/2100,CC,NG,7,Coast,TX,28.6917,-96.5417,72
363,363_2408_p10554,01/01/2003,01/01/2100,CC,NG,7,Coast,TX,28.6917,-96.5417,72
364,364_2408_p10554,01/01/1994,01/01/2100,CC,NG,7,Coast,TX,28.6917,-96.5417,57.5
365,365_2408_p10554,01/01/2002,01/01/2100,CC,NG,7,Coast,TX,28.6917,-96.5417,47.3
366,366_2408_p10554,01/01/1987,01/01/2100,CC,NG,7,Coast,TX,28.6917,-96.5417,32
367,367_2408_p10554,01/01/1994,01/01/2100,CC,NG,7,Coast,TX,28.6917,-96.5417,28.5
368,368_2409_p10790,01/01/1987,01/01/2025,GT,NG,7,Coast,TX,28.6752,-96.956,75
369,369_2410_p50026,01/01/1988,01/01/2025,GT,NG,4,South,TX,27.8322,-97.5281,32
370,370_2411_p50121,01/01/1983,01/01/2100,DEFAULT,WH,4,South,TX,27.8175,-97.4814,12
371,371_2411_p50121,01/01/1983,01/01/2100,DEFAULT,PC,4,South,TX,27.8175,-97.4814,26.6
372,372_2411_p50121,01/01/1983,01/01/2100,DEFAULT,PC,4,South,TX,27.8175,-97.4814,26.6
373,373_2412_p50150,01/01/1987,01/01/2100,CC,NG,7,Coast,TX,28.5105,-96.7706,30
374,374_2412_p50150,01/01/2000,01/01/2100,CC,NG,7,Coast,TX,28.5105,-96.7706,30
375,375_2412_p50150,01/01/1987,01/01/2100,CC,NG,7,Coast,TX,28.5105,-96.7706,30
376,376_2412_p50150,01/01/1964,01/01/2100,CC,NG,7,Coast,TX,28.5105,-96.7706,15
377,377_2412_p50150,01/01/1987,01/01/2100,CC,NG,7,Coast,TX,28.5105,-96.7706,15
378,378_2412_p50150,01/01/1987,01/01/2100,CC,NG,7,Coast,TX,28.5105,-96.7706,15
379,379_2412_p50150,01/01/1969,01/01/2100,CC,NG,7,Coast,TX,28.5105,-96.7706,12
380,380_2413_p50404,01/01/1997,01/01/2100,DEFAULT,WH,7,Coast,TX,28.5707,-96.8333,23.8
381,381_2413_p50404,01/01/1989,01/01/2100,DEFAULT,WH,7,Coast,TX,28.5707,-96.8333,15
382,382_2414_p50475,01/01/1989,01/01/2025,GT,NG,4,South,TX,27.8111,-97.5958,33
383,383_2415_p55086,01/01/2000,01/01/2100,CC,NG,4,South,TX,27.8894,-97.2584,141
384,384_2415_p55086,01/01/2000,01/01/2100,CC,NG,4,South,TX,27.8894,-97.2584,140
385,385_2415_p55086,01/01/2000,01/01/2100,CC,NG,4,South,TX,27.8894,-97.2584,85
386,386_2416_p55206,01/01/2002,01/01/2100,CC,NG,4,South,TX,27.8139,-97.4283,152
387,387_2416_p55206,01/01/2002,01/01/2100,CC,NG,4,South,TX,27.8139,-97.4283,152
388,388_2416_p55206,01/01/2002,01/01/2100,CC,NG,4,South,TX,27.8139,-97.4283,165
389,389_2417_p55313,01/01/1999,01/01/2100,CC,NG,4,South,TX,27.8828,-97.2428,155
390,390_2417_p55313,01/01/1999,01/01/2100,CC,NG,4,South,TX,27.8828,-97.2428,155
391,391_2417_p55313,01/01/1999,01/01/2100,GT,OG,4,South,TX,27.8828,-97.2428,150
392,392_2418_p56661,01/01/2008,01/01/2100,WT_ON,WND,4,South,TX,27.0011,-97.5994,283.2
393,393_2419_p56708,01/01/2012,01/01/2030,ST,NG,7,Coast,TX,28.6503,-96.5397,143.1
394,394_2419_p56708,01/01/2012,01/01/2030,ST,NG,7,Coast,TX,28.6503,-96.5397,143.1
395,395_2420_p56795,01/01/2009,01/01/2100,WT_ON,WND,4,South,TX,27.0702,-97.5077,201.6
396,396_2421_p56983,01/01/2009,01/01/2100,WT_ON,WND,4,South,TX,27.9386,-97.4586,180
397,397_2422_p57095,01/01/2010,01/01/2100,WT_ON,WND,4,South,TX,27.1197,-97.5499,201
398,398_2423_p57212,01/01/2010,01/01/2100,WT_ON,WND,4,South,TX,27.9959,-97.2967,200.1
399,399_2424_p57927,01/01/2014,01/01/2100,WT_ON,WND,4,South,TX,27.2231,-97.7892,188
400,400_2425_p58424,01/01/2012,01/01/2100,WT_ON,WND,4,South,TX,27.8322,-97.4403,9
401,401_2426_p58614,01/01/2019,01/01/2100,WT_ON,WND,4,South,TX,27.5928,-97.6481,226.1
402,402_2427_p59063,01/01/2018,01/01/2100,WT_ON,WND,4,South,TX,26.9417,-97.6425,201
403,403_2428_p59193,01/01/2017,01/01/2100,WT_ON,WND,4,South,TX,27.5925,-97.5008,249
404,404_2429_p60459,01/01/2017,01/01/2040,GT,NG,7,Coast,TX,28.6481,-96.5462,45
405,405_2429_p60459,01/01/2017,01/01/2040,GT,NG,7,Coast,TX,28.6481,-96.5462,45
406,406_2430_p61242,01/01/2019,01/01/2040,GT,NG,7,Coast,TX,28.6958,-96.9454,50
407,407_2430_p61242,01/01/2019,01/01/2040,GT,NG,7,Coast,TX,28.6958,-96.9454,50
408,408_2431_p61343,01/01/2019,01/01/2100,WT_ON,WND,4,South,TX,28.1093,-97.7505,307.1
409,409_2432_p61776,01/01/2019,01/01/2100,WT_ON,WND,4,South,TX,27.9551,-97.3002,162.9
410,410_2863_p3452,01/01/1973,01/01/2025,ST,NG,5,NorthCentral,TX,32.8359,-96.5458,523
411,411_2863_p3452,01/01/1970,01/01/2025,ST,NG,5,NorthCentral,TX,32.8359,-96.5458,392
412,412_2864_p3576,01/01/1967,01/01/2025,ST,NG,5,NorthCentral,TX,33.0681,-96.4525,75
413,413_2864_p3576,01/01/1976,01/01/2025,ST,NG,5,NorthCentral,TX,33.0681,-96.4525,138
414,414_2864_p3576,01/01/1971,01/01/2025,ST,NG,5,NorthCentral,TX,33.0681,-96.4525,107
415,415_2864_p3576,01/01/2001,01/01/2025,GT,NG,5,NorthCentral,TX,33.0681,-96.4525,75
416,416_2865_p4195,01/01/2010,01/01/2030,ST,NG,5,NorthCentral,TX,33.1708,-96.1264,8.2
417,417_2865_p4195,01/01/2010,01/01/2030,ST,NG,5,NorthCentral,TX,33.1708,-96.1264,8.2
418,418_2865_p4195,01/01/2010,01/01/2030,ST,NG,5,NorthCentral,TX,33.1708,-96.1264,8.2
419,419_2865_p4195,01/01/1978,01/01/2025,ST,NG,5,NorthCentral,TX,33.1708,-96.1264,41
420,420_2865_p4195,01/01/1967,01/01/2025,ST,NG,5,NorthCentral,TX,33.1708,-96.1264,23
421,421_2865_p4195,01/01/1966,01/01/2025,ST,NG,5,NorthCentral,TX,33.1708,-96.1264,18
422,422_2866_p4266,01/01/1966,01/01/2025,ST,NG,5,NorthCentral,TX,33.1975,-97.1061,61
423,423_2866_p4266,01/01/1973,01/01/2025,ST,NG,5,NorthCentral,TX,33.1975,-97.1061,61
424,424_2867_p6416,01/01/1945,01/01/2100,HYDRO,WAT,2,North,TX,33.8182,-96.5692,40
425,425_2867_p6416,01/01/1949,01/01/2100,HYDRO,WAT,2,North,TX,33.8182,-96.5692,40
426,426_2868_p50109,01/01/1989,01/01/2100,CC,NG,2,North,TX,33.6968,-95.5577,78
427,427_2868_p50109,01/01/1989,01/01/2100,CC,NG,2,North,TX,33.6968,-95.5577,78
428,428_2868_p50109,01/01/1989,01/01/2100,CC,NG,2,North,TX,33.6968,-95.5577,80
429,429_2870_p55097,01/01/2000,01/01/2100,CC,NG,2,North,TX,33.6308,-95.59,204
430,430_2870_p55097,01/01/2000,01/01/2100,CC,NG,2,North,TX,33.6308,-95.59,204
431,431_2870_p55097,01/01/2000,01/01/2100,CC,NG,2,North,TX,33.6308,-95.59,161
432,432_2870_p55097,01/01/2000,01/01/2100,CC,NG,2,North,TX,33.6308,-95.59,153
433,433_2870_p55097,01/01/2000,01/01/2100,CC,NG,2,North,TX,33.6308,-95.59,153
434,434_2870_p55097,01/01/2000,01/01/2100,CC,NG,2,North,TX,33.6308,-95.59,161
435,435_2873_p58005,01/01/2014,01/01/2100,CC,NG,2,North,TX,33.5826,-96.6179,296
436,436_2873_p58005,01/01/2014,01/01/2100,CC,NG,2,North,TX,33.5826,-96.6179,206
437,437_2873_p58005,01/01/2014,01/01/2100,CC,NG,2,North,TX,33.5826,-96.6179,205
438,438_2879_p61524,01/01/2017,01/01/2100,PV,SUN,2,North,TX,33.4982,-96.3789,10
439,439_2880_p61532,01/01/2017,01/01/2100,PV,SUN,5,NorthCentral,TX,33.1612,-96.2397,10
440,440_2882_p61871,01/01/2018,01/01/2100,PV,SUN,5,NorthCentral,TX,33.1662,-96.1726,10
441,441_2985_p3439,01/01/2008,01/01/2100,GT,NG,4,South,TX,27.5667,-99.5089,90.1
442,442_2985_p3439,01/01/2008,01/01/2100,GT,NG,4,South,TX,27.5667,-99.5089,87.3
443,443_2986_p6410,01/01/1954,01/01/2100,HYDRO,WAT,4,South,TX,26.5576,-99.1642,10.5
444,444_2986_p6410,01/01/1954,01/01/2100,HYDRO,WAT,4,South,TX,26.5576,-99.1642,10
445,445_2986_p6410,01/01/1954,01/01/2100,HYDRO,WAT,4,South,TX,26.5576,-99.1642,10
446,446_2987_p57260,01/01/2010,01/01/2100,WT_ON,WND,4,South,TX,27.5762,-98.9053,150
447,447_2988_p58021,01/01/2012,01/01/2100,WT_ON,WND,4,South,TX,27.4881,-99.0053,91.2
448,448_2989_p59320,01/01/2015,01/01/2100,WT_ON,WND,4,South,TX,26.3886,-98.8061,200
449,449_2990_p59321,01/01/2016,01/01/2100,WT_ON,WND,4,South,TX,26.3806,-98.8183,200
450,450_2991_p59654,01/01/2015,01/01/2100,WT_ON,WND,4,South,TX,27.18,-98.9167,78
451,451_2992_p60104,01/01/2015,01/01/2100,WT_ON,WND,4,South,TX,27.32,-99,249.7
452,452_2993_p60645,01/01/2016,01/01/2100,WT_ON,WND,4,South,TX,27.44,-98.91,200
453,453_2994_p61865,01/01/2019,01/01/2100,WT_ON,WND,4,South,TX,26.6491,-99.0387,237.6
454,454_2995_p61969,01/01/2019,01/01/2100,WT_ON,WND,4,South,TX,27.6145,-98.7945,300
455,455_2996_p62258,01/01/2019,01/01/2100,WT_ON,WND,4,South,TX,26.5237,-98.7455,200
456,456_2997_p63027,01/01/2019,01/01/2100,PV,SUN,4,South,TX,27.4216,-98.835,10
457,457_3098_p56111,01/01/2003,01/01/2100,WT_ON,WND,3,West,TX,32.948,-101.1478,160
458,458_3099_p56233,01/01/2005,01/01/2025,CC,NG,3,West,TX,32.7471,-100.9547,42
459,459_3099_p56233,01/01/2005,01/01/2025,CC,NG,3,West,TX,32.7471,-100.9547,42
460,460_3099_p56233,01/01/2005,01/01/2025,CC,NG,3,West,TX,32.7471,-100.9547,16
461,461_3100_p56457,01/01/2006,01/01/2100,WT_ON,WND,3,West,TX,32.9255,-101.2194,84
462,462_3101_p56506,01/01/2007,01/01/2100,WT_ON,WND,3,West,TX,32.7205,-100.9952,130.5
463,463_3102_p56673,01/01/2007,01/01/2100,WT_ON,WND,2,North,TX,34.1051,-101.0986,57
464,464_3103_p56773,01/01/2008,01/01/2100,WT_ON,WND,2,North,TX,33.7522,-100.9674,150
465,465_3104_p56956,01/01/2008,01/01/2100,WT_ON,WND,1,FarWest,TX,32.9291,-101.5786,180
466,466_3105_p57983,01/01/2014,01/01/2100,WT_ON,WND,1,FarWest,TX,32.9264,-101.6478,211
467,467_3105_p57983,01/01/2015,01/01/2100,WT_ON,WND,1,FarWest,TX,32.9264,-101.6478,165
468,468_3106_p58048,01/01/2012,01/01/2100,WT_ON,WND,2,North,TX,32.9698,-100.5242,30
469,469_3107_p58242,01/01/2014,01/01/2100,WT_ON,WND,2,North,TX,35.4275,-101.2531,218
470,470_3108_p58596,01/01/2014,01/01/2100,WT_ON,WND,2,North,TX,35.2384,-101.3108,211.2
471,471_3109_p58681,01/01/2015,01/01/2100,WT_ON,WND,2,North,TX,35.2053,-101.4342,150
472,472_3110_p58720,01/01/2014,01/01/2100,WT_ON,WND,2,North,TX,35.4428,-101.3728,181.7
473,473_3111_p58765,01/01/2014,01/01/2100,WT_ON,WND,2,North,TX,35.6539,-100.5386,288.6
474,474_3112_p58766,01/01/2016,01/01/2100,WT_ON,WND,2,North,TX,33.8251,-101.0997,257
475,475_3113_p58772,01/01/2015,01/01/2100,WT_ON,WND,2,North,TX,34.3112,-101.2511,200
476,476_3114_p58773,01/01/2014,01/01/2100,WT_ON,WND,2,North,TX,34.7481,-102.1744,200
477,477_3115_p58774,01/01/2014,01/01/2100,WT_ON,WND,2,North,TX,35.277,-102.6828,161
478,478_3116_p58775,01/01/2015,01/01/2100,WT_ON,WND,2,North,TX,35.295,-102.7211,194
479,479_3117_p59005,01/01/2016,01/01/2100,WT_ON,WND,2,North,TX,34.6675,-102.5778,230.4
480,480_3118_p59068,01/01/2016,01/01/2100,WT_ON,WND,2,North,TX,35.2542,-101.1866,200
481,481_3119_p59245,01/01/2017,01/01/2100,WT_ON,WND,3,West,TX,32.932,-101.1436,155.4
482,482_3120_p59384,01/01/2015,01/01/2100,WT_ON,WND,2,North,TX,34.0806,-101.3236,200
483,483_3121_p59621,01/01/2015,01/01/2100,WT_ON,WND,2,North,TX,34.7201,-102.2533,299.7
484,484_3122_p59733,01/01/2015,01/01/2100,WT_ON,WND,2,North,TX,33.646,-99.5329,150
485,485_3123_p59734,01/01/2015,01/01/2100,WT_ON,WND,2,North,TX,34.4323,-101.2372,150
486,486_3124_p60087,01/01/2016,01/01/2100,WT_ON,WND,2,North,TX,34.197,-101.3815,300
487,487_3125_p60210,01/01/2017,01/01/2100,WT_ON,WND,2,North,TX,34.0603,-101.1876,50.4
488,488_3126_p60270,01/01/2018,01/01/2100,WT_ON,WND,1,FarWest,TX,34.0383,-102.6652,148.4
489,489_3127_p60366,01/01/2017,01/01/2100,WT_ON,WND,2,North,TX,34.0604,-101.1876,151.2
490,490_3128_p60657,01/01/2016,01/01/2100,WT_ON,WND,2,North,TX,35.1818,-100.9344,174
491,491_3129_p60690,01/01/2017,01/01/2100,ES,MWH,2,North,TX,34.2991,-99.399,30
492,492_3130_p60856,01/01/2017,01/01/2100,WT_ON,WND,2,North,TX,34.7696,-102.0524,163
493,493_3131_p60902,01/01/2017,01/01/2100,WT_ON,WND,3,West,TX,32.8638,-100.9751,253
494,494_3132_p61402,01/01/2019,01/01/2100,WT_ON,WND,2,North,TX,33.9153,-99.7403,350.3
495,495_3133_p61417,01/01/2019,01/01/2100,WT_ON,WND,1,FarWest,TX,32.8752,-101.209,158
496,496_3134_p61921,01/01/2018,01/01/2100,WT_ON,WND,1,FarWest,TX,33.1509,-101.6792,300
497,497_3135_p61970,01/01/2019,01/01/2100,WT_ON,WND,2,North,TX,34.2259,-99.478,99.4
498,498_3136_p62566,01/01/2019,01/01/2100,WT_ON,WND,2,North,TX,34.1705,-99.5634,200.2
499,499_3137_p63030,01/01/2019,01/01/2100,WT_ON,WND,2,North,TX,35.2002,-102.3155,210.1
500,500_3287_p3559,01/01/1996,01/01/2025,CC,NG,4,South,TX,25.9131,-97.5214,42
501,501_3287_p3559,01/01/1959,01/01/2025,CC,NG,4,South,TX,25.9131,-97.5214,20
502,502_3287_p3559,01/01/2004,01/01/2025,GT,NG,4,South,TX,25.9131,-97.5214,45
503,503_3288_p54338,01/01/2009,01/01/2100,ST,AB,4,South,TX,26.2697,-97.867,10
504,504_3289_p55123,01/01/2002,01/01/2100,CC,NG,4,South,TX,26.3404,-98.19,221
505,505_3289_p55123,01/01/2002,01/01/2100,CC,NG,4,South,TX,26.3404,-98.19,221
506,506_3289_p55123,01/01/2002,01/01/2100,CC,NG,4,South,TX,26.3404,-98.19,240
507,507_3290_p55545,01/01/2000,01/01/2025,CC,NG,4,South,TX,26.3418,-98.1758,172
508,508_3290_p55545,01/01/2000,01/01/2025,CC,NG,4,South,TX,26.3418,-98.1758,149
509,509_3290_p55545,01/01/2000,01/01/2025,CC,NG,4,South,TX,26.3418,-98.1758,149
510,510_3291_p57617,01/01/2016,01/01/2100,WT_ON,WND,4,South,TX,26.4656,-98.4111,250
511,511_3292_p57751,01/01/2012,01/01/2100,WT_ON,WND,4,South,TX,26.3308,-97.5857,200
512,512_3293_p57752,01/01/2012,01/01/2100,WT_ON,WND,4,South,TX,26.3489,-97.6668,201.6
513,513_3294_p57802,01/01/2012,01/01/2100,WT_ON,WND,4,South,TX,26.4754,-97.6911,203
514,514_3295_p59066,01/01/2017,01/01/2100,WT_ON,WND,4,South,TX,26.5223,-97.6911,228
515,515_3296_p59118,01/01/2015,01/01/2100,WT_ON,WND,4,South,TX,26.1954,-97.4661,165
516,516_3297_p59391,01/01/2016,01/01/2100,ST,NG,4,South,TX,26.4512,-98.1775,18.3
517,517_3297_p59391,01/01/2016,01/01/2100,ST,NG,4,South,TX,26.4512,-98.1775,18.3
518,518_3297_p59391,01/01/2016,01/01/2100,ST,NG,4,South,TX,26.4512,-98.1775,18.3
519,519_3297_p59391,01/01/2016,01/01/2100,ST,NG,4,South,TX,26.4512,-98.1775,18.3
520,520_3297_p59391,01/01/2016,01/01/2100,ST,NG,4,South,TX,26.4512,-98.1775,18.3
521,521_3297_p59391,01/01/2016,01/01/2100,ST,NG,4,South,TX,26.4512,-98.1775,18.3
522,522_3297_p59391,01/01/2016,01/01/2100,ST,NG,4,South,TX,26.4512,-98.1775,18.3
523,523_3297_p59391,01/01/2016,01/01/2100,ST,NG,4,South,TX,26.4512,-98.1775,18.3
524,524_3297_p59391,01/01/2016,01/01/2100,ST,NG,4,South,TX,26.4512,-98.1775,18.3
525,525_3297_p59391,01/01/2016,01/01/2100,ST,NG,4,South,TX,26.4512,-98.1775,18.3
526,526_3297_p59391,01/01/2016,01/01/2100,ST,NG,4,South,TX,26.4512,-98.1775,18.3
527,527_3297_p59391,01/01/2016,01/01/2100,ST,NG,4,South,TX,26.4512,-98.1775,18.3
528,528_3298_p59712,01/01/2017,01/01/2100,WT_ON,WND,4,South,TX,26.126,-97.3776,95.3
529,529_3299_p60059,01/01/2015,01/01/2100,WT_ON,WND,4,South,TX,26.4118,-98.5716,110
530,530_3571_p3595,01/01/1938,01/01/2100,HYDRO,WAT,3,West,TX,30.7507,-98.4176,18.3
531,531_3571_p3595,01/01/1938,01/01/2100,HYDRO,WAT,3,West,TX,30.7507,-98.4176,18.3
532,532_3571_p3595,01/01/1950,01/01/2100,HYDRO,WAT,3,West,TX,30.7507,-98.4176,18.3
533,533_3572_p3598,01/01/1938,01/01/2100,HYDRO,WAT,3,West,TX,30.7316,-98.3854,13.8
534,534_3573_p6414,01/01/1953,01/01/2100,HYDRO,WAT,5,NorthCentral,TX,31.8695,-97.3667,21
535,535_3573_p6414,01/01/1953,01/01/2100,HYDRO,WAT,5,NorthCentral,TX,31.8695,-97.3667,21
536,536_3574_p55172,01/01/2010,01/01/2100,CC,NG,5,NorthCentral,TX,31.8595,-97.3586,200
537,537_3574_p55172,01/01/2000,01/01/2100,CC,NG,5,NorthCentral,TX,31.8595,-97.3586,159
538,538_3574_p55172,01/01/2000,01/01/2100,CC,NG,5,NorthCentral,TX,31.8595,-97.3586,159
539,539_3574_p55172,01/01/2001,01/01/2100,CC,NG,5,NorthCentral,TX,31.8595,-97.3586,154
540,540_3574_p55172,01/01/2001,01/01/2100,CC,NG,5,NorthCentral,TX,31.8595,-97.3586,86
541,541_3575_p56611,01/01/2013,01/01/2100,ST,SUB,5,NorthCentral,TX,31.4745,-96.9571,932.6
542,542_3576_p58001,01/01/2014,01/01/2100,CC,NG,5,NorthCentral,TX,31.0559,-97.3172,312
543,543_3576_p58001,01/01/2015,01/01/2100,CC,NG,5,NorthCentral,TX,31.0559,-97.3172,312
544,544_3576_p58001,01/01/2014,01/01/2100,CC,NG,5,NorthCentral,TX,31.0559,-97.3172,211
545,545_3576_p58001,01/01/2014,01/01/2100,CC,NG,5,NorthCentral,TX,31.0559,-97.3172,211
546,546_3576_p58001,01/01/2015,01/01/2100,CC,NG,5,NorthCentral,TX,31.0559,-97.3172,211
547,547_3576_p58001,01/01/2015,01/01/2100,CC,NG,5,NorthCentral,TX,31.0559,-97.3172,211
548,548_3577_p58321,01/01/2013,01/01/2100,WT_ON,WND,5,NorthCentral,TX,31.3834,-98.4667,150
549,549_3578_p59442,01/01/2015,01/01/2100,WT_ON,WND,5,NorthCentral,TX,31.8226,-98.6906,200.1
550,550_3579_p60774,01/01/2017,01/01/2100,PV,SUN,5,NorthCentral,TX,31.1151,-97.8451,15.4
551,551_3580_p61212,01/01/2018,01/01/2100,WT_ON,WND,5,NorthCentral,TX,31.6845,-98.6034,200
552,552_3582_p61874,01/01/2018,01/01/2100,PV,SUN,5,NorthCentral,TX,31.2912,-97.2607,10
553,553_3699_p3494,01/01/1988,01/01/2100,GT,NG,1,FarWest,TX,31.5839,-102.9633,64
554,554_3699_p3494,01/01/1988,01/01/2100,GT,NG,1,FarWest,TX,31.5839,-102.9633,64
555,555_3699_p3494,01/01/1988,01/01/2100,GT,NG,1,FarWest,TX,31.5839,-102.9633,64
556,556_3699_p3494,01/01/1990,01/01/2100,GT,NG,1,FarWest,TX,31.5839,-102.9633,64
557,557_3699_p3494,01/01/1990,01/01/2100,GT,NG,1,FarWest,TX,31.5839,-102.9633,65
558,558_3700_p52176,01/01/1987,01/01/2025,CC,NG,1,FarWest,TX,32.2732,-101.4224,71
559,559_3700_p52176,01/01/1987,01/01/2025,CC,NG,1,FarWest,TX,32.2732,-101.4224,71
560,560_3700_p52176,01/01/1988,01/01/2025,CC,NG,1,FarWest,TX,32.2732,-101.4224,70
561,561_3701_p54979,01/01/1998,01/01/2100,WT_ON,WND,1,FarWest,TX,32.2076,-101.3883,34.3
562,562_3703_p55215,01/01/2001,01/01/2100,CC,NG,1,FarWest,TX,31.8403,-102.3264,206
563,563_3703_p55215,01/01/2001,01/01/2100,CC,NG,1,FarWest,TX,31.8403,-102.3264,204.9
564,564_3703_p55215,01/01/2001,01/01/2100,CC,NG,1,FarWest,TX,31.8403,-102.3264,162
565,565_3703_p55215,01/01/2001,01/01/2100,CC,NG,1,FarWest,TX,31.8403,-102.3264,153.5
566,566_3703_p55215,01/01/2001,01/01/2100,CC,NG,1,FarWest,TX,31.8403,-102.3264,145.3
567,567_3703_p55215,01/01/2001,01/01/2100,CC,NG,1,FarWest,TX,31.8403,-102.3264,143.7
568,568_3704_p55581,01/01/2001,01/01/2100,WT_ON,WND,1,FarWest,TX,31.2092,-102.2417,278
569,569_3705_p55747,01/01/2001,01/01/2100,WT_ON,WND,1,FarWest,TX,30.9315,-102.2014,82.5
570,570_3706_p55795,01/01/2001,01/01/2100,WT_ON,WND,1,FarWest,TX,30.9515,-102.4141,78
571,571_3707_p55796,01/01/2001,01/01/2100,WT_ON,WND,1,FarWest,TX,30.9514,-102.4141,82
572,572_3708_p55992,01/01/2002,01/01/2100,WT_ON,WND,1,FarWest,TX,30.9178,-102.0867,167.7
573,573_3709_p56349,01/01/2007,01/01/2100,CC,NG,1,FarWest,TX,31.8414,-102.315,98.1
574,574_3709_p56349,01/01/2008,01/01/2100,CC,NG,1,FarWest,TX,31.8414,-102.315,98.1
575,575_3709_p56349,01/01/2007,01/01/2100,CC,NG,1,FarWest,TX,31.8414,-102.315,70
576,576_3709_p56349,01/01/2007,01/01/2100,CC,NG,1,FarWest,TX,31.8414,-102.315,70
577,577_3709_p56349,01/01/2002,01/01/2100,CC,NG,1,FarWest,TX,31.8414,-102.315,68
578,578_3709_p56349,01/01/2002,01/01/2100,CC,NG,1,FarWest,TX,31.8414,-102.315,68
579,579_3710_p56394,01/01/2006,01/01/2100,WT_ON,WND,1,FarWest,TX,32.0391,-101.22,124.2
580,580_3711_p56479,01/01/2007,01/01/2100,WT_ON,WND,1,FarWest,TX,31.9915,-101.3026,90
581,581_3712_p56644,01/01/2008,01/01/2100,WT_ON,WND,1,FarWest,TX,32.2353,-101.8367,120
582,582_3713_p56776,01/01/2016,01/01/2100,WT_ON,WND,1,FarWest,TX,32.2404,-101.4736,120
583,583_3714_p56779,01/01/2008,01/01/2100,WT_ON,WND,1,FarWest,TX,30.8073,-102.3556,150
584,584_3715_p56783,01/01/2008,01/01/2100,WT_ON,WND,1,FarWest,TX,32.1408,-101.3986,121.9
585,585_3716_p56920,01/01/2008,01/01/2100,WT_ON,WND,1,FarWest,TX,32.1008,-101.4514,142.5
586,586_3717_p56921,01/01/2008,01/01/2100,WT_ON,WND,1,FarWest,TX,31.9362,-101.2983,115.5
587,587_3718_p56959,01/01/2008,01/01/2100,WT_ON,WND,1,FarWest,TX,32.1218,-101.3853,58.8
588,588_3719_p56961,01/01/2012,01/01/2100,ES,MWH,1,FarWest,TX,31.995,-102.8283,36
589,589_3719_p56961,01/01/2009,01/01/2100,WT_ON,WND,1,FarWest,TX,31.995,-102.8283,92.5
590,590_3719_p56961,01/01/2009,01/01/2100,WT_ON,WND,1,FarWest,TX,31.995,-102.8283,60
591,591_3720_p57415,01/01/2011,01/01/2100,WT_ON,WND,1,FarWest,TX,30.7727,-102.5058,145
592,592_3721_p58471,01/01/2015,01/01/2100,GT,NG,1,FarWest,TX,32.0692,-102.5856,150
593,593_3721_p58471,01/01/2015,01/01/2100,GT,NG,1,FarWest,TX,32.0692,-102.5856,150
594,594_3722_p58488,01/01/2013,01/01/2100,PV,SUN,1,FarWest,TX,29.6001,-104.3,10
595,595_3723_p58710,01/01/2015,01/01/2100,PV,SUN,1,FarWest,TX,30.96,-103.35,30.2
596,596_3724_p59206,01/01/2017,01/01/2100,PV,SUN,1,FarWest,TX,30.9931,-102.2708,116
597,597_3725_p59332,01/01/2015,01/01/2100,WT_ON,WND,1,FarWest,TX,32.7,-101.7411,211.2
598,598_3726_p59943,01/01/2015,01/01/2100,WT_ON,WND,1,FarWest,TX,31.7433,-101.4934,207.2
599,599_3727_p59972,01/01/2018,01/01/2100,WT_ON,WND,1,FarWest,TX,31.7272,-101.582,196.7
600,600_3728_p59994,01/01/2016,01/01/2100,PV,SUN,1,FarWest,TX,30.9602,-103.3067,157.5
601,601_3729_p60044,01/01/2018,01/01/2100,PV,SUN,1,FarWest,TX,30.5756,-102.5513,202
602,602_3730_p60123,01/01/2019,01/01/2100,ES,MWH,1,FarWest,TX,31.255,-102.272,9.9
603,603_3730_p60123,01/01/2018,01/01/2100,PV,SUN,1,FarWest,TX,31.255,-102.272,180
604,604_3731_p60372,01/01/2017,01/01/2100,PV,SUN,1,FarWest,TX,32.7157,-101.9265,100
605,605_3732_p60436,01/01/2017,01/01/2100,PV,SUN,1,FarWest,TX,31.001,-102.2817,118.5
606,606_3734_p60581,01/01/2017,01/01/2100,PV,SUN,1,FarWest,TX,31.2418,-102.2903,150
607,607_3735_p60682,01/01/2017,01/01/2100,PV,SUN,1,FarWest,TX,30.9879,-102.2683,50
608,608_3736_p60989,01/01/2017,01/01/2100,PV,SUN,1,FarWest,TX,30.4551,-103.4747,50
609,609_3738_p61368,01/01/2018,01/01/2100,PV,SUN,1,FarWest,TX,30.9956,-102.2235,182
610,610_3739_p61697,01/01/2018,01/01/2100,PV,SUN,1,FarWest,TX,32.7134,-101.8852,50
611,611_3740_p61906,01/01/2019,01/01/2100,PV,SUN,1,FarWest,TX,31.8435,-102.8683,250
612,612_3741_p62415,01/01/2019,01/01/2100,PV,SUN,1,FarWest,TX,31.4308,-103.7289,100
613,613_3742_p62448,01/01/2019,01/01/2100,PV,SUN,1,FarWest,TX,32.4601,-102.6728,100
614,614_3991_p298,01/01/1986,01/01/2030,ST,SUB,8,East,TX,31.422,-96.2525,858
615,615_3991_p298,01/01/1985,01/01/2030,ST,SUB,8,East,TX,31.422,-96.2525,831
616,616_3992_p3561,01/01/1975,01/01/2025,GT,NG,8,East,TX,30.6475,-96.3723,21
617,617_3993_p6179,01/01/1979,01/01/2100,ST,SUB,6,SouthCentral,TX,29.9173,-96.7506,590
618,618_3993_p6179,01/01/1980,01/01/2100,ST,SUB,6,SouthCentral,TX,29.9173,-96.7506,590
619,619_3993_p6179,01/01/1988,01/01/2100,ST,SUB,6,SouthCentral,TX,29.9173,-96.7506,435
620,620_3994_p6180,01/01/2010,01/01/2100,ST,LIG,8,East,TX,31.1803,-96.4866,855
621,621_3994_p6180,01/01/2011,01/01/2100,ST,LIG,8,East,TX,31.1803,-96.4866,855
622,622_3995_p6243,01/01/2010,01/01/2025,GT,NG,8,East,TX,30.7217,-96.4608,47.1
623,623_3995_p6243,01/01/2004,01/01/2025,GT,NG,8,East,TX,30.7217,-96.4608,47.1
624,624_3995_p6243,01/01/1978,01/01/2025,ST,NG,8,East,TX,30.7217,-96.4608,110
625,625_3996_p7030,01/01/1990,01/01/2100,ST,LIG,8,East,TX,31.092,-96.695,152
626,626_3996_p7030,01/01/1991,01/01/2100,ST,LIG,8,East,TX,31.092,-96.695,153
627,627_3997_p55062,01/01/2000,01/01/2100,CC,NG,8,East,TX,30.5924,-95.9178,395
628,628_3997_p55062,01/01/2000,01/01/2100,CC,NG,8,East,TX,30.5924,-95.9178,155
629,629_3997_p55062,01/01/2000,01/01/2100,CC,NG,8,East,TX,30.5924,-95.9178,155
630,630_3997_p55062,01/01/2000,01/01/2100,CC,NG,8,East,TX,30.5924,-95.9178,155
631,631_3998_p58151,01/01/2011,01/01/2030,CC,NG,8,East,TX,30.6178,-96.3433,32.4
632,632_3998_p58151,01/01/2011,01/01/2030,CC,NG,8,East,TX,30.6178,-96.3433,11
633,633_3999_p59938,01/01/2016,01/01/2040,ST,NG,6,SouthCentral,TX,29.5503,-96.5378,8.3
634,634_3999_p59938,01/01/2016,01/01/2040,ST,NG,6,SouthCentral,TX,29.5503,-96.5378,8.3
635,635_3999_p59938,01/01/2016,01/01/2040,ST,NG,6,SouthCentral,TX,29.5503,-96.5378,8.3
636,636_3999_p59938,01/01/2016,01/01/2040,ST,NG,6,SouthCentral,TX,29.5503,-96.5378,8.3
637,637_3999_p59938,01/01/2016,01/01/2040,ST,NG,6,SouthCentral,TX,29.5503,-96.5378,8.3
638,638_3999_p59938,01/01/2016,01/01/2040,ST,NG,6,SouthCentral,TX,29.5503,-96.5378,8.3
639,639_4181_p3492,01/01/1988,01/01/2100,GT,NG,3,West,TX,32.3359,-100.9156,67
640,640_4181_p3492,01/01/1988,01/01/2100,GT,NG,3,West,TX,32.3359,-100.9156,66
641,641_4181_p3492,01/01/1988,01/01/2100,GT,NG,3,West,TX,32.3359,-100.9156,66
642,642_4181_p3492,01/01/1988,01/01/2100,GT,NG,3,West,TX,32.3359,-100.9156,67
643,643_4181_p3492,01/01/1988,01/01/2100,GT,NG,3,West,TX,32.3359,-100.9156,68
644,644_4181_p3492,01/01/1988,01/01/2100,GT,NG,3,West,TX,32.3359,-100.9156,68
645,645_4182_p6128,01/01/1983,01/01/2100,HYDRO,WAT,4,South,TX,29.4499,-101.0601,29
646,646_4182_p6128,01/01/1983,01/01/2100,HYDRO,WAT,4,South,TX,29.4499,-101.0601,29
647,647_4184_p55968,01/01/2001,01/01/2100,WT_ON,WND,3,West,TX,32.4302,-100.2357,152
648,648_4185_p56211,01/01/2003,01/01/2100,WT_ON,WND,3,West,TX,32.3607,-100.3389,37.5
649,649_4186_p56212,01/01/2005,01/01/2100,WT_ON,WND,3,West,TX,32.3473,-100.3703,98.8
650,650_4187_p56240,01/01/2006,01/01/2100,WT_ON,WND,3,West,TX,32.3116,-100.0616,120.6
651,651_4188_p56270,01/01/2005,01/01/2100,WT_ON,WND,3,West,TX,32.3039,-100.0217,114
652,652_4189_p56291,01/01/2006,01/01/2100,WT_ON,WND,3,West,TX,32.214,-100.0571,299
653,653_4189_p56291,01/01/2006,01/01/2100,WT_ON,WND,3,West,TX,32.214,-100.0571,223.5
654,654_4189_p56291,01/01/2005,01/01/2100,WT_ON,WND,3,West,TX,32.214,-100.0571,213
655,655_4190_p56311,01/01/2005,01/01/2100,WT_ON,WND,3,West,TX,32.2909,-100.4219,135
656,656_4191_p56337,01/01/2007,01/01/2100,WT_ON,WND,3,West,TX,32.3123,-100.5303,241
657,657_4192_p56372,01/01/2007,01/01/2100,WT_ON,WND,3,West,TX,32.237,-100.4833,80.5
658,658_4193_p56395,01/01/2007,01/01/2100,WT_ON,WND,3,West,TX,32.6256,-99.4928,200
659,659_4194_p56483,01/01/2008,01/01/2100,WT_ON,WND,3,West,TX,32.5145,-99.6564,200
660,660_4195_p56484,01/01/2007,01/01/2100,WT_ON,WND,3,West,TX,32.3182,-100.177,232.5
661,661_4196_p56592,01/01/2008,01/01/2100,WT_ON,WND,3,West,TX,32.3984,-100.6481,126.5
662,662_4197_p56593,01/01/2008,01/01/2100,WT_ON,WND,3,West,TX,32.4694,-100.6664,209
663,663_4198_p56602,01/01/2007,01/01/2100,WT_ON,WND,3,West,TX,32.7394,-100.7389,63
664,664_4199_p56638,01/01/2008,01/01/2100,WT_ON,WND,3,West,TX,32.2878,-100.1,170.2
665,665_4200_p56649,01/01/2009,01/01/2100,WT_ON,WND,3,West,TX,32.4082,-100.1286,101.2
666,666_4201_p56754,01/01/2008,01/01/2100,WT_ON,WND,3,West,TX,31.952,-100.7914,80
667,667_4201_p56754,01/01/2009,01/01/2100,WT_ON,WND,3,West,TX,31.952,-100.7914,69.6
668,668_4202_p56763,01/01/2007,01/01/2100,WT_ON,WND,3,West,TX,31.952,-101.0189,214.5
669,669_4202_p56763,01/01/2008,01/01/2100,WT_ON,WND,3,West,TX,31.952,-101.0189,186
670,670_4202_p56763,01/01/2007,01/01/2100,WT_ON,WND,3,West,TX,31.952,-101.0189,149.5
671,671_4202_p56763,01/01/2008,01/01/2100,WT_ON,WND,3,West,TX,31.952,-101.0189,112.5
672,672_4203_p56774,01/01/2008,01/01/2100,WT_ON,WND,3,West,TX,32.1982,-100.2686,169.5
673,673_4204_p56775,01/01/2007,01/01/2100,WT_ON,WND,3,West,TX,32.7181,-100.7933,120
674,674_4205_p56823,01/01/2008,01/01/2100,WT_ON,WND,5,NorthCentral,TX,32.7684,-99.4228,162.3
675,675_4206_p56979,01/01/2009,01/01/2100,WT_ON,WND,1,FarWest,TX,31.9925,-101.1167,199.5
676,676_4207_p56981,01/01/2018,01/01/2040,ES,MWH,3,West,TX,32.5886,-100.6728,9.9
677,677_4207_p56981,01/01/2009,01/01/2100,WT_ON,WND,3,West,TX,32.5886,-100.6728,249
678,678_4208_p56984,01/01/2018,01/01/2040,ES,MWH,3,West,TX,32.4969,-100.5797,9.9
679,679_4208_p56984,01/01/2009,01/01/2100,WT_ON,WND,3,West,TX,32.4969,-100.5797,197
680,680_4209_p57153,01/01/2009,01/01/2100,WT_ON,WND,3,West,TX,31.0855,-100.6788,150
681,681_4210_p57303,01/01/2009,01/01/2029,WT_ON,WND,3,West,TX,32.4376,-100.7444,75
682,682_4210_p57303,01/01/2009,01/01/2100,WT_ON,WND,3,West,TX,32.4376,-100.7444,75
683,683_4211_p59207,01/01/2016,01/01/2100,PV,SUN,2,North,TX,33.04,-99.5525,100
684,684_4212_p60217,01/01/2017,01/01/2100,WT_ON,WND,4,South,TX,29.7276,-100.7943,149.3
685,685_4213_p60339,01/01/2016,01/01/2100,WT_ON,WND,2,North,TX,33.3501,-99.54,230
686,686_4214_p60743,01/01/2018,01/01/2100,WT_ON,WND,3,West,TX,31.3603,-99.5514,160
687,687_4215_p60789,01/01/2018,01/01/2100,PV,SUN,3,West,TX,31.87,-100.828,30
688,688_4216_p60901,01/01/2017,01/01/2100,WT_ON,WND,2,North,TX,33.3454,-99.6243,250
689,689_4217_p60987,01/01/2018,01/01/2100,WT_ON,WND,1,FarWest,TX,31.1814,-101.3188,300
690,690_4218_p61001,01/01/2018,01/01/2100,WT_ON,WND,3,West,TX,31.1125,-100.0281,150
691,691_4219_p61782,01/01/2019,01/01/2100,WT_ON,WND,3,West,TX,31.0486,-100.6231,199.5
692,692_4221_p62038,01/01/2019,01/01/2100,WT_ON,WND,1,FarWest,TX,31.2081,-101.1108,302.4
693,693_4222_p62259,01/01/2019,01/01/2100,WT_ON,WND,1,FarWest,TX,30.595,-101.453,300
694,694_4552_p3504,01/01/1965,01/01/2025,ST,NG,8,East,TX,31.9399,-94.9898,502
695,695_4552_p3504,01/01/1958,01/01/2025,ST,NG,8,East,TX,31.9399,-94.9898,167
696,696_4553_p3507,01/01/1965,01/01/2025,ST,NG,8,East,TX,32.1246,-96.1013,235
697,697_4554_p6146,01/01/1977,01/01/2100,ST,LIG,8,East,TX,32.2606,-94.5706,800
698,698_4554_p6146,01/01/1978,01/01/2100,ST,LIG,8,East,TX,32.2606,-94.5706,805
699,699_4554_p6146,01/01/1979,01/01/2100,ST,LIG,8,East,TX,32.2606,-94.5706,805
700,700_4555_p55132,01/01/2001,01/01/2100,CC,NG,8,East,TX,32.0178,-94.6197,402
701,701_4555_p55132,01/01/2001,01/01/2100,CC,NG,8,East,TX,32.0178,-94.6197,147
702,702_4555_p55132,01/01/2001,01/01/2100,CC,NG,8,East,TX,32.0178,-94.6197,149
703,703_4555_p55132,01/01/2001,01/01/2100,CC,NG,8,East,TX,32.0178,-94.6197,147
704,704_4556_p55226,01/01/2002,01/01/2100,CC,NG,8,East,TX,31.8908,-96.1131,177
705,705_4556_p55226,01/01/2002,01/01/2100,CC,NG,8,East,TX,31.8908,-96.1131,172
706,706_4556_p55226,01/01/2002,01/01/2100,CC,NG,8,East,TX,31.8908,-96.1131,153
707,707_4556_p55226,01/01/2002,01/01/2100,CC,NG,8,East,TX,31.8908,-96.1131,153
708,708_4556_p55226,01/01/2002,01/01/2100,CC,NG,8,East,TX,31.8908,-96.1131,149
709,709_4556_p55226,01/01/2002,01/01/2100,CC,NG,8,East,TX,31.8908,-96.1131,149
710,710_4557_p55708,01/01/2012,01/01/2100,ST,WDS,8,East,TX,31.8321,-94.9006,100
711,711_4558_p61810,01/01/2018,01/01/2100,PV,SUN,2,North,TX,33.633,-95.3907,10
712,712_4715_p55091,01/01/2000,01/01/2100,CC,NG,5,NorthCentral,TX,32.4302,-97.0537,260
713,713_4715_p55091,01/01/2000,01/01/2100,CC,NG,5,NorthCentral,TX,32.4302,-97.0537,260
714,714_4715_p55091,01/01/2000,01/01/2100,CC,NG,5,NorthCentral,TX,32.4302,-97.0537,260
715,715_4715_p55091,01/01/2000,01/01/2100,CC,NG,5,NorthCentral,TX,32.4302,-97.0537,259
716,716_4715_p55091,01/01/2001,01/01/2100,CC,NG,5,NorthCentral,TX,32.4302,-97.0537,279
717,717_4715_p55091,01/01/2001,01/01/2100,CC,NG,5,NorthCentral,TX,32.4302,-97.0537,284
718,718_4891_p55137,01/01/2002,01/01/2100,CC,NG,6,SouthCentral,TX,29.5931,-97.9732,323
719,719_4891_p55137,01/01/2002,01/01/2100,CC,NG,6,SouthCentral,TX,29.5931,-97.9732,165
720,720_4891_p55137,01/01/2002,01/01/2100,CC,NG,6,SouthCentral,TX,29.5931,-97.9732,154
721,721_4891_p55137,01/01/2002,01/01/2100,CC,NG,6,SouthCentral,TX,29.5931,-97.9732,154
722,722_4892_p55144,01/01/2002,01/01/2100,CC,NG,6,SouthCentral,TX,29.7807,-97.9894,210
723,723_4892_p55144,01/01/2002,01/01/2100,CC,NG,6,SouthCentral,TX,29.7807,-97.9894,213
724,724_4892_p55144,01/01/2002,01/01/2100,CC,NG,6,SouthCentral,TX,29.7807,-97.9894,210
725,725_4892_p55144,01/01/2002,01/01/2100,CC,NG,6,SouthCentral,TX,29.7807,-97.9894,211
726,726_4893_p55153,01/01/2000,01/01/2100,CC,NG,6,SouthCentral,TX,29.6244,-98.1419,197
727,727_4893_p55153,01/01/2000,01/01/2100,CC,NG,6,SouthCentral,TX,29.6244,-98.1419,197
728,728_4893_p55153,01/01/2000,01/01/2100,CC,NG,6,SouthCentral,TX,29.6244,-98.1419,148
729,729_4893_p55153,01/01/2000,01/01/2100,CC,NG,6,SouthCentral,TX,29.6244,-98.1419,148
730,730_4893_p55153,01/01/2000,01/01/2100,CC,NG,6,SouthCentral,TX,29.6244,-98.1419,148
731,731_4893_p55153,01/01/2000,01/01/2100,CC,NG,6,SouthCentral,TX,29.6244,-98.1419,148
